Frame,FP1,,,FP2,,,COP1,,,COP2,,,F_left,,,F_right,,
Index,X,Y,Z,X,Y,Z,X,Y,Z,X,Y,Z,X,Y,Z,X,Y,Z
0,0.588938903,0.083364583,6.665764667,-0.426,-0.117380278,5.772111514,362.250047,224.664057,0,827.528189,219.104003,0,58.02703012,41.52763008,53.59246683,41.97296988,58.47236992,46.40753317
1,0.593983347,0.08965625,6.665764667,-0.43168,-0.121809722,5.747380958,362.302982,224.602101,0,827.444506,219.210599,0,57.91211598,42.39748318,53.69923844,42.08788402,57.60251682,46.30076156
2,0.597451403,0.087454167,6.649615778,-0.428208889,-0.127188333,5.706575542,362.504457,224.037049,0,827.404146,219.277069,0,58.25041757,40.74410551,53.81606359,41.74958243,59.25589449,46.18393641
3,0.602495847,0.096577083,6.667006889,-0.424737778,-0.127821111,5.702865958,362.563461,223.60396,0,827.948028,219.505964,0,58.65227077,43.03826222,53.89713355,41.34772923,56.96173778,46.10286645
4,0.607540292,0.09720625,6.698062444,-0.431995556,-0.130035833,5.695446792,362.054361,223.2789,0,828.112523,219.498471,0,58.44341908,42.7765177,54.04492236,41.55658092,57.2234823,45.95507764
5,0.612584736,0.11230625,6.712969111,-0.423475556,-0.135730833,5.675662347,362.235464,222.763759,0,827.972321,219.585045,0,59.12635983,45.27800782,54.18652685,40.87364017,54.72199218,45.81347315
6,0.624250014,0.122372917,6.719180222,-0.418742222,-0.139843889,5.659587486,362.271437,222.57215,0,827.840133,219.594222,0,59.85183708,46.66860173,54.27987971,40.14816292,53.33139827,45.72012029
7,0.626772236,0.12929375,6.727875778,-0.416848889,-0.143956944,5.663297069,362.311148,221.978941,0,828.304049,219.134316,0,60.05745007,47.31689713,54.29571406,39.94254993,52.68310287,45.70428594
8,0.634338903,0.13684375,6.755204681,-0.409906667,-0.143324167,5.643512625,361.86264,221.621778,0,828.249736,219.095812,0,60.74614261,48.84347631,54.483093,39.25385739,51.15652369,45.516907
9,0.639068069,0.15194375,6.753962458,-0.404226667,-0.150601111,5.612599431,362.236667,221.432756,0,827.903601,218.974074,0,61.25479669,50.22189088,54.61471441,38.74520331,49.77810912,45.38528559
10,0.647265292,0.156033333,6.781291347,-0.402333333,-0.155663333,5.620018597,362.03643,220.373113,0,828.407982,218.806226,0,61.66788678,50.05935258,54.6820568,38.33211322,49.94064742,45.3179432
11,0.653570847,0.1661,6.801166903,-0.40328,-0.164522222,5.610126375,362.003778,220.108478,0,828.655039,218.8412,0,61.8413515,50.23860734,54.79821281,38.1586485,49.76139266,45.20178719
12,0.666812514,0.17459375,6.823526903,-0.399177778,-0.174330278,5.577976653,361.514278,219.719846,0,828.400249,218.720377,0,62.55333835,50.03775496,55.02177113,37.44666165,49.96224504,44.97822887
13,0.678793069,0.187177083,6.835949125,-0.3976,-0.186353056,5.589105403,362.015913,218.942093,0,828.7934,218.853617,0,63.06182088,50.11030272,55.01745775,36.93817912,49.88969728,44.98254225
14,0.683522236,0.20385,6.834706903,-0.405173333,-0.206285556,5.569320958,361.844711,218.445205,0,828.928799,218.981925,0,62.78359675,49.7030792,55.10070583,37.21640325,50.2969208,44.89929417
15,0.699286125,0.21800625,6.857066903,-0.411168889,-0.217675556,5.569320958,361.833082,217.760925,0,829.2798,218.674693,0,62.97293598,50.03795137,55.18149747,37.02706402,49.96204863,44.81850253
16,0.705591681,0.242229167,6.850855792,-0.408644444,-0.228116375,5.574267069,361.809811,216.68454,0,829.503457,218.682491,0,63.32514848,51.50025783,55.13712716,36.67485152,48.49974217,44.86287284
17,0.711897236,0.261733333,6.853340236,-0.418111111,-0.246466931,5.569320958,361.490716,215.915772,0,828.783073,218.435728,0,62.99929004,51.50200658,55.16805239,37.00070996,48.49799342,44.83194761
18,0.725138903,0.280608333,6.871973569,-0.418742222,-0.260704431,5.581686236,361.363126,214.606707,0,829.031981,218.186179,0,63.39285499,51.83848452,55.18035402,36.60714501,48.16151548,44.81964598
19,0.733336125,0.30860625,6.888122458,-0.422528889,-0.273359986,5.580449708,361.044572,212.859484,0,829.057515,218.113926,0,63.4447895,53.02820522,55.24387529,36.5552105,46.97179478,44.75612471
20,0.742163903,0.339435417,6.896818014,-0.43168,-0.298671097,5.582922764,361.064444,211.511476,0,828.980973,218.178535,0,63.2250933,53.19416262,55.26411275,36.7749067,46.80583738,44.73588725
21,0.759188903,0.367747917,6.914209125,-0.446195556,-0.324614986,5.587868875,361.298141,210.040233,0,829.546205,217.973223,0,62.98313352,53.11490769,55.30447918,37.01686648,46.88509231,44.69552082
22,0.775583347,0.397633333,6.907998014,-0.453768889,-0.344863875,5.582922764,361.178554,208.507034,0,830.247615,218.230187,0,63.08878159,53.55351224,55.30415361,36.91121841,46.44648776,44.69584639
23,0.789770847,0.417766667,6.895575792,-0.463866667,-0.365112764,5.554482625,361.279901,207.640266,0,829.732486,218.779807,0,62.9983419,53.36283601,55.38589106,37.0016581,46.63716399,44.61410894
24,0.797337514,0.439158333,6.863278014,-0.478382222,-0.390740264,5.544590403,361.21063,206.228754,0,830.901692,218.938109,0,62.50099386,52.91710756,55.31391681,37.49900614,47.08289244,44.68608319
25,0.814362514,0.458033333,6.868246903,-0.490057778,-0.410039986,5.511204153,360.860903,205.788642,0,830.917852,219.491613,0,62.43099092,52.76436023,55.48102959,37.56900908,47.23563977,44.51897041
26,0.826973625,0.480683333,6.853340236,-0.497946667,-0.424593875,5.505021514,360.731268,205.136959,0,830.832357,219.043518,0,62.4168586,53.09791619,55.4550868,37.5831414,46.90208381,44.5449132
27,0.843368069,0.491379167,6.847129125,-0.503942222,-0.444526375,5.518623319,360.030258,204.522013,0,831.6084,219.498166,0,62.5964245,52.50307267,55.37171438,37.4035755,47.49692733,44.62828562
28,0.859762528,0.511197917,6.808620236,-0.51688,-0.462244153,5.490183181,360.387673,204.111953,0,831.574497,220.054822,0,62.45357894,52.51446724,55.36002167,37.54642106,47.48553276,44.63997833
29,0.870166694,0.523466667,6.799924681,-0.526977778,-0.478063597,5.485237069,360.306551,203.832783,0,831.869474,220.150917,0,62.28179775,52.26668485,55.35071348,37.71820225,47.73331515,44.64928652
30,0.876787528,0.545172903,6.780049125,-0.533288889,-0.491984708,5.476581375,359.951422,203.022591,0,832.083189,220.153416,0,62.18014268,52.56413268,55.31739841,37.81985732,47.43586732,44.68260159
31,0.887506972,0.559014569,6.757689125,-0.543702222,-0.506854986,5.461743042,360.084208,202.571038,0,832.443406,221.371059,0,62.01098873,52.44680895,55.30280812,37.98901127,47.55319105,44.69719188
32,0.883723639,0.584181236,6.745266889,-0.555377778,-0.528053042,5.460506514,360.173228,202.090363,0,832.738243,221.913833,0,61.40801674,52.52321815,55.2629208,38.59198326,47.47678185,44.7370792
33,0.893181972,0.598652069,6.708000222,-0.547173333,-0.540708597,5.446904708,360.289329,202.608048,0,832.580308,221.920123,0,62.0112252,52.54280641,55.18759925,37.9887748,47.45719359,44.81240075
34,0.901063917,0.609347903,6.716695778,-0.555062222,-0.553364153,5.458033458,360.162003,202.023122,0,832.725885,222.221799,0,61.88089703,52.40746407,55.16915939,38.11910297,47.59253593,44.83084061
35,0.913675028,0.621616653,6.685640222,-0.564213333,-0.556844431,5.429593319,360.20057,201.984128,0,832.092303,222.654048,0,61.82300719,52.74816976,55.18375027,38.17699281,47.25183024,44.81624973
36,0.928493083,0.640177069,6.690609111,-0.57368,-0.569183597,5.460506514,359.480325,202.267747,0,832.195838,222.66058,0,61.80999338,52.93516542,55.06168584,38.19000662,47.06483458,44.93831416
37,0.949931972,0.640806236,6.649615778,-0.581884444,-0.584370264,5.477817903,360.614766,201.905506,0,833.042829,222.472908,0,62.01343463,52.30317722,54.83118649,37.98656537,47.69682278,45.16881351
38,0.962858361,0.659366653,6.653342444,-0.597346667,-0.596709431,5.517386792,360.350491,202.328781,0,833.407606,222.694078,0,61.71357892,52.49416508,54.66675263,38.28642108,47.50583492,45.33324737
39,0.97294725,0.668174986,6.674460222,-0.607444444,-0.604619153,5.514913736,359.916588,202.457836,0,832.693175,223.080056,0,61.56367775,52.49670514,54.75638244,38.43632225,47.50329486,45.24361756
40,0.99280975,0.674152069,6.679429111,-0.620066667,-0.619805819,5.559428736,359.699103,202.885668,0,832.959242,223.157628,0,61.55522765,52.10000072,54.57559189,38.44477235,47.89999928,45.42440811
41,1.001637528,0.689566653,6.664522444,-0.631742222,-0.635625264,5.571794014,359.847034,202.838273,0,832.820595,223.626647,0,61.3230039,52.03522932,54.46510367,38.6769961,47.96477068,45.53489633
42,1.017716694,0.705610403,6.670733556,-0.640262222,-0.649229986,5.576740125,359.380209,202.599896,0,832.613234,224.766811,0,61.3829696,52.08070327,54.46620037,38.6170304,47.91929673,45.53379963
43,1.028436139,0.729518736,6.637193556,-0.656355556,-0.666631375,5.612599431,359.442411,202.812535,0,833.377955,224.926264,0,61.04233196,52.25217047,54.18208751,38.95766804,47.74782953,45.81791249
44,1.046091694,0.736439569,6.607380222,-0.67592,-0.668846097,5.649695264,359.304548,203.263913,0,833.078422,225.14775,0,60.74823405,52.40497266,53.90666175,39.25176595,47.59502734,46.09333825
45,1.062170861,0.741787486,6.553964667,-0.688857778,-0.680868861,5.678135403,359.260056,203.545793,0,833.327269,225.770414,0,60.65982232,52.14101688,53.58004455,39.34017768,47.85898312,46.41995545
46,1.067530583,0.743360403,6.541542444,-0.703373319,-0.679286917,5.706575542,359.138044,204.065833,0,833.417389,226.220298,0,60.28167772,52.25191041,53.40855184,39.71832228,47.74808959,46.59144816
47,1.081087528,0.746820819,6.500549111,-0.719151097,-0.685298306,5.746144431,358.938669,204.606972,0,833.642963,225.805606,0,60.05245709,52.14795378,53.08003413,39.94754291,47.85204622,46.91996587
48,1.090230583,0.747135403,6.490611333,-0.736506653,-0.693524417,5.775821097,358.800108,205.471605,0,833.466507,226.299934,0,59.68185034,51.86064001,52.91360279,40.31814966,48.13935999,47.08639721
49,1.107570861,0.755943736,6.485642444,-0.757333319,-0.70111775,5.809207347,358.424431,206.098784,0,833.820891,226.464911,0,59.39022887,51.8813889,52.75088801,40.60977113,48.1186111,47.24911199
50,1.126487528,0.759404153,6.462040222,-0.769955542,-0.710925806,5.814153458,358.801756,206.830598,0,833.449798,226.730735,0,59.40001817,51.64855334,52.63879335,40.59998183,48.35144666,47.36120665
51,1.132793083,0.762549986,6.430984667,-0.784155542,-0.705547194,5.835174431,358.686865,207.728667,0,833.758674,226.408418,0,59.09355465,51.94138346,52.42867483,40.90644535,48.05861654,47.57132517
52,1.145404194,0.759718736,6.406140222,-0.799933319,-0.716937194,5.871033736,358.83278,208.490081,0,833.898583,226.898099,0,58.87945851,51.44859546,52.17927386,41.12054149,48.55140454,47.82072614
53,1.158330583,0.760977069,6.391233556,-0.807506653,-0.728010806,5.89452775,358.498365,209.490566,0,834.005533,226.698224,0,58.9230157,51.10700243,52.02146938,41.0769843,48.89299757,47.97853062
54,1.160852806,0.767268736,6.361420222,-0.812871097,-0.731491083,5.953881083,358.916069,209.857748,0,833.493771,226.559438,0,58.81535933,51.19357526,51.65460482,41.18464067,48.80642474,48.34539518
55,1.173463917,0.769470819,6.363904667,-0.822022208,-0.746361361,5.982321222,358.702032,210.267083,0,832.971578,226.962913,0,58.80591711,50.76226968,51.5453445,41.19408289,49.23773032,48.4546555
56,1.175355583,0.775133319,6.350240222,-0.829279986,-0.767875806,6.031782333,358.852502,210.79633,0,832.890007,227.217018,0,58.63188308,50.23517404,51.28596878,41.36811692,49.76482596,48.71403122
57,1.186705583,0.800299986,6.348998,-0.847582208,-0.784011639,6.082479972,358.367211,211.112383,0,832.910916,227.59498,0,58.3351868,50.51405124,51.07194828,41.6648132,49.48594876,48.92805172
58,1.20278475,0.820118736,6.326637986,-0.864937764,-0.794768861,6.123285389,359.405297,211.087359,0,833.04302,228.33473,0,58.16954364,50.78488048,50.81668212,41.83045636,49.21511952,49.18331788
59,1.215080583,0.832702069,6.305520208,-0.889551097,-0.805526083,6.181402194,359.014637,211.255171,0,833.370628,228.893171,0,57.73364502,50.82943228,50.49699201,42.26635498,49.17056772,49.50300799
60,1.229583361,0.849374986,6.278191319,-0.917635542,-0.82640775,6.216024972,359.109998,210.823293,0,833.161844,229.233256,0,57.26399668,50.68526891,50.2487805,42.73600332,49.31473109,49.7512195
61,1.243455583,0.864160403,6.267011319,-0.951084431,-0.833684694,6.277851361,359.238236,210.603926,0,833.674302,229.20698,0,56.6613311,50.897482,49.9567949,43.3386689,49.102518,50.0432051
62,1.261426417,0.877372903,6.221049097,-0.982324431,-0.839379694,6.359462194,359.716676,210.582679,0,833.573406,229.58823,0,56.21954052,51.10654291,49.44989081,43.78045948,48.89345709,50.55010919
63,1.278136139,0.895304153,6.257073542,-1.013564431,-0.835266639,6.443546069,358.941495,210.194594,0,833.29494,229.510693,0,55.77238824,51.73461595,49.26589201,44.22761176,48.26538405,50.73410799
64,1.301781972,0.894360403,6.262042431,-1.036599986,-0.844758306,6.528866486,358.386346,210.837208,0,833.197845,229.602214,0,55.67020253,51.42606991,48.95697774,44.32979747,48.57393009,51.04302226
65,1.332048639,0.900966653,6.219806875,-1.065946653,-0.845074694,6.636444403,359.123169,211.399059,0,832.67382,229.775291,0,55.54842595,51.60053364,48.37963058,44.45157405,48.39946636,51.62036942
66,1.35033475,0.905056236,6.172602431,-1.080146653,-0.848871361,6.729183986,358.851436,211.868911,0,832.002561,229.46801,0,55.55832472,51.60168741,47.84300585,44.44167528,48.39831259,52.15699415
67,1.354433361,0.905685403,6.074466875,-1.101919986,-0.83779775,6.807085236,358.963961,212.608452,0,831.816108,229.416458,0,55.14000511,51.9468973,47.1563273,44.85999489,48.0531027,52.8436727
68,1.358216694,0.911347903,5.993722431,-1.112648875,-0.834001083,6.904770931,359.14031,212.664597,0,831.577245,229.348285,0,54.9692671,52.2157981,46.46839179,45.0307329,47.7842019,53.53160821
69,1.358531972,0.914179153,5.920431306,-1.118013319,-0.838114139,6.988854806,358.424614,213.601621,0,831.005366,229.230905,0,54.85593083,52.17044185,45.86180254,45.14406917,47.82955815,54.13819746
70,1.355063917,0.894989569,5.850866861,-1.133475542,-0.824509417,7.093959667,358.416622,214.948399,0,831.180488,229.110277,0,54.45217725,52.04943863,45.1984957,45.54782275,47.95056137,54.8015043
71,1.353487528,0.883349986,5.762669083,-1.165662208,-0.813119417,7.168151333,358.876861,215.860271,0,831.155424,229.123449,0,53.72795068,52.06990381,44.56537867,46.27204932,47.93009619,55.43462133
72,1.359162528,0.873912486,5.703042417,-1.201319986,-0.809006361,7.246052583,358.857168,217.466067,0,831.176024,230.311878,0,53.08228119,51.92837953,44.04201542,46.91771881,48.07162047,55.95798458
73,1.363261139,0.848116653,5.606149083,-1.238871097,-0.805209694,7.32024425,358.223476,218.823978,0,831.79838,231.454444,0,52.39015604,51.29759495,43.36978567,47.60984396,48.70240505,56.63021433
74,1.370512528,0.827354153,5.540311306,-1.293777764,-0.796034417,7.3981455,358.299785,219.618665,0,832.374051,232.510601,0,51.44006012,50.96464077,42.82049543,48.55993988,49.03535923,57.17950457
75,1.379025028,0.822006236,5.442175736,-1.333537764,-0.782746083,7.478519792,358.525626,220.938067,0,832.737745,233.935022,0,50.8384555,51.22324649,42.11983577,49.1615445,48.77675351,57.88016423
76,1.386591694,0.812883319,5.390002403,-1.361622208,-0.771356083,7.553947986,358.092852,222.0018,0,832.990834,234.738079,0,50.45428571,51.31063639,41.64109287,49.54571429,48.68936361,58.35890713
77,1.392581972,0.796210403,5.339071292,-1.362568875,-0.759016917,7.638031875,358.025285,222.900002,0,832.656261,235.59788,0,50.54467249,51.19575723,41.14224279,49.45532751,48.80424277,58.85775721
78,1.391951417,0.789604153,5.264537958,-1.373613319,-0.744779417,7.717169653,358.209811,224.276654,0,832.69972,235.935004,0,50.33154345,51.46067571,40.55350895,49.66845655,48.53932429,59.44649105
79,1.395419472,0.777964569,5.201184625,-1.393177764,-0.72674525,7.765394236,358.78939,225.165872,0,832.416487,236.233828,0,50.04019419,51.70196668,40.11223531,49.95980581,48.29803332,59.88776469
80,1.391636139,0.752797903,5.129135736,-1.415897764,-0.707445528,7.816091875,358.619511,226.300424,0,832.200986,236.815886,0,49.56791929,51.55290461,39.62182737,50.43208071,48.44709539,60.37817263
81,1.38438475,0.728889569,5.035969056,-1.445559986,-0.680552472,7.889047014,358.850671,227.731131,0,832.185416,236.959828,0,48.91914433,51.71476002,38.96296166,51.08085567,48.28523998,61.03703834
82,1.372719472,0.703093736,4.911746833,-1.457866653,-0.641636653,7.965711722,359.182996,229.405731,0,831.904176,236.815388,0,48.49594436,52.285108,38.14220649,51.50405564,47.714892,61.85779351
83,1.354118083,0.665658319,4.7813135,-1.442088875,-0.629297486,8.059687833,359.09134,231.747291,0,831.38371,236.901601,0,48.42696208,51.40394109,37.23474031,51.57303792,48.59605891,62.76525969
84,1.317861139,0.624133319,4.634731264,-1.425995542,-0.617591097,8.210544222,359.283745,233.808338,0,831.115314,237.011304,0,48.02951802,50.26343294,36.08121343,51.97048198,49.73656706,63.91878657
85,1.282865306,0.580720819,4.467031264,-1.423786653,-0.594494708,8.344089222,360.364326,236.281102,0,831.062758,237.531876,0,47.396759,49.41398456,34.86838851,52.603241,50.58601544,65.13161149
86,1.251968083,0.538566653,4.371380153,-1.455342208,-0.569499986,8.480107264,360.183162,237.716204,0,831.408967,238.335625,0,46.24398198,48.60417541,34.01458532,53.75601802,51.39582459,65.98541468
87,1.227691694,0.50113125,4.301815708,-1.505199986,-0.548934708,8.530804903,360.757465,238.994985,0,831.844359,239.153061,0,44.92280844,47.72378783,33.52250362,55.07719156,52.27621217,66.47749638
88,1.216341694,0.46904375,4.240946806,-1.558528875,-0.517928597,8.586448653,360.778067,238.389308,0,832.677819,239.942191,0,43.83417763,47.52349459,33.06163608,56.16582237,52.47650541,66.93836392
89,1.239041694,0.45583125,4.214860139,-1.587559986,-0.478379986,8.588921708,360.041544,238.13448,0,833.012091,240.771729,0,43.83502999,48.79316715,32.91886873,56.16497001,51.20683285,67.08113127
90,1.264263917,0.442304167,4.199953472,-1.621639986,-0.442944431,8.616125319,360.216421,237.564465,0,833.381635,241.519894,0,43.80824723,49.96383706,32.77097106,56.19175277,50.03616294,67.22902894
91,1.281919472,0.42374375,4.191257917,-1.647831097,-0.406559708,8.619834903,359.701212,236.312543,0,833.405239,241.642576,0,43.7552427,51.0348049,32.71585005,56.2447573,48.9651951,67.28414995
92,1.308718083,0.40486875,4.13163125,-1.659506653,-0.362898042,8.665586431,359.34148,236.678636,0,833.970691,241.257375,0,44.09093649,52.73329797,32.28538697,55.90906351,47.26670203,67.71461303
93,1.332363917,0.38505,4.095606806,-1.674968875,-0.328095264,8.695263097,358.570918,236.415103,0,833.512972,240.392283,0,44.30384028,53.9932072,32.01976751,55.69615972,46.0067928,67.98023249
94,1.344975028,0.363658333,4.027284583,-1.679386653,-0.292659708,8.733595458,358.12278,236.673921,0,832.803727,239.323136,0,44.4713685,55.40885824,31.55961478,55.5286315,44.59114176,68.44038522
95,1.348127806,0.35390625,3.944055694,-1.676546653,-0.244568597,8.843646431,358.050074,237.295332,0,832.559632,238.516405,0,44.57100505,59.13469073,30.84256777,55.42899495,40.86530927,69.15743223
96,1.340876417,0.3340875,3.884429014,-1.667711097,-0.238240819,8.886924903,357.33734,239.797292,0,831.4819,237.845336,0,44.56830358,58.37340014,30.41517007,55.43169642,41.62659986,69.58482993
97,1.315969472,0.289102083,3.824802347,-1.644044431,-0.239506375,8.938859069,357.800753,242.166941,0,831.264317,237.617454,0,44.4582193,54.69115728,29.96634134,55.5417807,45.30884272,70.03365866
98,1.286963917,0.256385417,3.785051236,-1.623848875,-0.234444153,8.910418931,358.122232,243.529008,0,830.46916,237.289892,0,44.21321496,52.23512042,29.81418716,55.78678504,47.76487958,70.18581284
99,1.266155583,0.229016667,3.735362347,-1.610595542,-0.237608042,8.925257264,359.040615,244.651052,0,830.51146,237.142082,0,44.01338622,49.07941277,29.50378782,55.98661378,50.92058723,70.49621218
100,1.250391694,0.20856875,3.751511236,-1.602075542,-0.234760542,8.937622542,358.776191,245.053218,0,830.552873,236.83933,0,43.83544458,47.0460116,29.56475439,56.16455542,52.9539884,70.43524561
101,1.243770861,0.201647917,3.741573458,-1.623533319,-0.205969167,8.966062681,359.050253,245.665945,0,830.218335,236.617489,0,43.37770891,49.46993757,29.44350481,56.62229109,50.53006243,70.55649519
102,1.240933361,0.200075,3.732877903,-1.653195542,-0.186353056,9.024179472,359.370996,245.497596,0,830.224109,236.964111,0,42.87761198,51.77548502,29.26127706,57.12238802,48.22451498,70.73872294
103,1.255436139,0.19158125,3.731635681,-1.673391097,-0.201223333,9.056329194,358.65504,245.66073,0,830.879636,237.758158,0,42.86480689,48.77266155,29.18084087,57.13519311,51.22733845,70.81915913
104,1.258588917,0.175222917,3.667040125,-1.694217764,-0.20502,9.046436972,357.98564,245.603619,0,830.883589,238.752076,0,42.62347837,46.08183584,28.84372306,57.37652163,53.91816416,71.15627694
105,1.257643083,0.15383125,3.586295681,-1.705577764,-0.200590556,9.030362111,357.820144,247.106739,0,831.113301,239.867836,0,42.4417601,43.40343839,28.42508483,57.5582399,56.59656161,71.57491517
106,1.253544472,0.125204167,3.499340125,-1.698319986,-0.219573889,9.027889056,357.321833,248.308703,0,831.335549,240.636974,0,42.46619348,36.3144245,27.93387169,57.53380652,63.6855755,72.06612831
107,1.241248639,0.092172917,3.450893444,-1.698635542,-0.230963875,8.999448917,356.111683,249.041308,0,831.433336,241.1337,0,42.22100473,28.52442651,27.71725744,57.77899527,71.47557349,72.28274256
108,1.222016694,0.0736125,3.396235667,-1.712519986,-0.236975264,8.993266278,355.648259,250.97458,0,831.169981,241.388208,0,41.64257692,23.70103029,27.41220496,58.35742308,76.29896971,72.58779504
109,1.212558361,0.048445833,3.361453444,-1.710626653,-0.244568597,8.938859069,356.695325,251.705809,0,830.894002,241.921783,0,41.48072583,16.53359981,27.32819545,58.51927417,83.46640019,72.67180455
110,1.204045861,0.04813125,3.370149,-1.714413319,-0.261653597,8.906709347,356.161342,252.54109,0,830.84496,242.034681,0,41.25621729,15.53699299,27.45123308,58.74378271,84.46300701,72.54876692
111,1.198686139,0.066691667,3.386297889,-1.714413319,-0.268614153,8.854775181,355.568935,251.346576,0,830.689538,242.297439,0,41.14813641,19.88980292,27.6634072,58.85186359,80.11019708,72.3365928
112,1.188281972,0.08399375,3.408657889,-1.704315542,-0.272410819,8.820152403,356.101516,252.035676,0,830.67919,242.05686,0,41.08010072,23.56696777,27.87399434,58.91989928,76.43303223,72.12600566
113,1.177562528,0.0887125,3.423564556,-1.715044431,-0.279054986,8.801604486,356.325419,251.926519,0,830.172398,241.250222,0,40.70938585,24.12189858,28.00423081,59.29061415,75.87810142,71.99576919
114,1.175670861,0.092172917,3.402446778,-1.720724431,-0.271778042,8.775637403,357.657119,252.456419,0,829.594414,239.682067,0,40.59082904,25.32564197,27.93909721,59.40917096,74.67435803,72.06090279
115,1.164636139,0.087139583,3.368906778,-1.729244431,-0.255009431,8.784293097,357.526717,252.639375,0,829.424797,237.699974,0,40.24478934,25.46831345,27.72032726,59.75521066,74.53168655,72.27967274
116,1.150763917,0.072983333,3.376360111,-1.739973319,-0.223054167,8.812733236,357.20477,253.585835,0,829.013526,235.23683,0,39.8086655,24.65340821,27.69984621,60.1913345,75.34659179,72.30015379
117,1.14603475,0.060714583,3.339093444,-1.756697764,-0.190149722,8.869613514,358.043008,253.754275,0,829.043873,232.991432,0,39.48123861,24.20216108,27.35009904,60.51876139,75.79783892,72.64990096
118,1.148241694,0.066691667,3.325429,-1.768688875,-0.165787778,8.895580597,357.425968,255.399073,0,828.575249,231.243248,0,39.36472491,28.68712407,27.21075516,60.63527509,71.31287593,72.78924484
119,1.159591694,0.051591667,3.324186778,-1.766164431,-0.165155,8.888161431,356.951592,257.307128,0,828.261993,230.502547,0,39.63391496,23.80274975,27.21988205,60.36608504,76.19725025,72.78011795
120,1.159591694,0.020133333,3.325429,-1.744391097,-0.1680025,8.822625458,356.748689,259.354817,0,828.705683,230.326142,0,39.93108009,10.70148784,27.37416935,60.06891991,89.29851216,72.62583065
121,1.16305975,0.00755,3.315491222,-1.737133319,-0.167053333,8.690316986,357.306039,260.016042,0,829.030927,230.329506,0,40.10283875,4.324086978,27.61572703,59.89716125,95.67591302,72.38427297
122,1.150448639,-0.021077083,3.315491222,-1.715675542,-0.152815833,8.571610319,357.556135,261.169333,0,829.323216,230.896884,0,40.13952524,12.12072564,27.89150249,59.86047476,87.87927436,72.10849751
123,1.139098639,-0.027054167,3.340335667,-1.706839986,-0.156296111,8.459086292,358.120585,260.05665,0,829.661207,231.132968,0,40.02541126,14.75545442,28.30931616,59.97458874,85.24454558,71.69068384
124,1.128063917,-0.01038125,3.367664556,-1.697057764,-0.149651944,8.394786861,358.644598,259.268747,0,830.191109,231.097795,0,39.92974619,6.486935436,28.6306352,60.07025381,93.51306456,71.3693648
125,1.122704194,0.02265,3.397477889,-1.687275542,-0.136996389,8.339143111,359.195534,258.760406,0,830.360498,231.505076,0,39.95417405,14.18760559,28.94766636,60.04582595,85.81239441,71.05233364
126,1.116083361,0.037435417,3.423564556,-1.674337764,-0.132566944,8.289682,359.595598,258.300809,0,830.133655,231.26187,0,39.99695068,22.02052749,29.22814387,60.00304932,77.97947251,70.77185613
127,1.104733361,0.0509625,3.418595667,-1.653511097,-0.124340833,8.276080194,359.806281,258.947934,0,830.255027,230.903529,0,40.05204679,29.07103877,29.23206857,59.94795321,70.92896123,70.76793143
128,1.070998639,0.03869375,3.445924556,-1.644991097,-0.124657222,8.263714917,359.307882,260.203292,0,830.678583,230.484643,0,39.4330886,23.68749293,29.42810121,60.5669114,76.31250707,70.57189879
129,1.047983361,0.02170625,3.434744556,-1.644991097,-0.115481944,8.236511306,360.039381,261.633771,0,830.547518,229.825625,0,38.91545862,15.82224337,29.42909141,61.08454138,84.17775663,70.57090859
130,1.025598639,0.018560417,3.485675681,-1.627951097,-0.109154167,8.215490333,360.462962,262.293468,0,830.217702,228.361989,0,38.65006278,14.53273086,29.78913107,61.34993722,85.46726914,70.21086893
131,1.022130583,0.018560417,3.531637903,-1.608386653,-0.061379444,8.196942417,360.283992,263.750384,0,829.321648,225.825318,0,38.85663889,23.21797462,30.11138438,61.14336111,76.78202538,69.88861562
132,1.030643083,-0.00755,3.596233458,-1.596079986,0.003163889,8.271134083,360.619341,265.254958,0,829.040064,223.918773,0,39.2368383,70.46927664,30.30354833,60.7631617,29.53072336,69.69645167
133,1.034426417,-0.013841667,3.635984569,-1.588822208,0.047141944,8.365110194,359.50507,267.403999,0,828.660264,222.427284,0,39.43302998,22.69735494,30.2971074,60.56697002,77.30264506,69.7028926
134,1.044515306,-0.049704167,3.654617903,-1.597026653,0.089538056,8.429409639,359.800267,269.938606,0,828.556342,221.479577,0,39.54187827,35.6961889,30.24337614,60.45812173,64.3038111,69.75662386
135,1.025598639,-0.0811625,3.652133458,-1.598919986,0.123075278,8.447957556,359.237728,270.716837,0,828.212059,220.948935,0,39.07759042,39.73922008,30.18269411,60.92240958,60.26077992,69.81730589
136,0.990918083,-0.113879167,3.616109014,-1.590715542,0.142058611,8.461559347,358.884986,271.850124,0,828.629211,220.586945,0,38.38337376,44.4948642,29.94045627,61.61662624,55.5051358,70.05954373
137,0.95308475,-0.133383333,3.570146792,-1.586928875,0.152815833,8.43435575,358.699864,271.29191,0,829.198947,220.343625,0,37.52282037,46.60507397,29.74006444,62.47717963,53.39492603,70.25993556
138,0.911783361,-0.124575,3.550271236,-1.576515542,0.175595833,8.375002417,359.285812,268.928973,0,828.994635,220.574949,0,36.64283901,41.50136728,29.77098337,63.35716099,58.49863272,70.22901663
139,0.889713917,-0.074870833,3.549029014,-1.555373319,0.177810556,8.352744917,360.252087,266.503868,0,829.250091,220.985513,0,36.38781895,29.63052944,29.81932806,63.61218105,70.36947056,70.18067194
140,0.871427806,-0.040895833,3.563935681,-1.533915542,0.192680833,8.318122139,360.397336,264.469056,0,829.670492,221.645001,0,36.22883222,17.50852682,29.99426307,63.77116778,82.49147318,70.00573693
141,0.839900014,-0.035547917,3.551513458,-1.526973319,0.220839444,8.304520333,360.580018,263.341616,0,829.820893,222.532058,0,35.48563424,13.86492552,29.95532503,64.51436576,86.13507448,70.04467497
142,0.802066681,-0.047816667,3.539091236,-1.510564431,0.239189986,8.25629575,360.49429,264.075379,0,829.971236,223.239108,0,34.68199821,16.66047327,30.00402819,65.31800179,83.33952673,69.99597181
143,0.770854181,-0.098464583,3.496855681,-1.504253319,0.266399431,8.18952325,360.842783,265.563193,0,830.32047,224.217686,0,33.88209922,26.98665245,29.92249097,66.11790078,73.01334755,70.07750903
144,0.721670847,-0.160122917,3.488160125,-1.485951097,0.298987486,8.153663944,360.464714,267.081696,0,830.453885,224.182701,0,32.68996528,34.87677816,29.96231608,67.31003472,65.12322184,70.03768392
145,0.673433347,-0.214545833,3.443440111,-1.468911097,0.334106653,8.112858528,361.239578,269.202501,0,830.526921,224.291644,0,31.43441051,39.10413946,29.79708485,68.56558949,60.89586054,70.20291515
146,0.622043069,-0.283439583,3.454620111,-1.467333319,0.370807764,8.102966306,361.288103,271.071659,0,830.118658,223.332279,0,29.77170953,43.32300078,29.89049778,70.22829047,56.67699922,70.10950222
147,0.557726403,-0.36145625,3.455862333,-1.455657764,0.439147764,8.130169917,363.146913,272.223452,0,830.143448,222.403907,0,27.70094312,45.14794377,29.82783285,72.29905688,54.85205623,70.17216715
148,0.485843069,-0.44639375,3.503066792,-1.449031097,0.523307208,8.153663944,363.424584,273.873088,0,830.101094,221.726447,0,25.10980186,46.03416612,30.05188051,74.89019814,53.96583388,69.94811949
149,0.405762514,-0.540768736,3.594991236,-1.457235542,0.578991653,8.130169917,363.763769,274.480547,0,830.25397,222.151551,0,21.78008252,48.29325465,30.66048466,78.21991748,51.70674535,69.33951534
150,0.320006958,-0.642693736,3.667040125,-1.441457764,0.642585819,8.069580056,365.882446,275.092805,0,830.7118,222.254843,0,18.16709437,50.00419818,31.24443041,81.83290563,49.99580182,68.75556959
151,0.236773611,-0.727945819,3.796231236,-1.414951097,0.715671639,7.984259639,366.278615,276.286249,0,830.609137,222.294616,0,14.33493184,50.42511887,32.2247288,85.66506816,49.57488113,67.7752712
152,0.146288889,-0.813197903,3.845920125,-1.390022208,0.797299972,7.919960208,367.56663,277.635703,0,830.544884,222.021702,0,9.522087626,50.49357192,32.68705797,90.47791237,49.50642808,67.31294203
153,0.058641667,-0.896247903,3.879460125,-1.354048875,0.904239417,7.864316458,367.140484,280.15656,0,830.339714,220.96057,0,4.151062454,49.77807359,33.03417855,95.84893755,50.22192641,66.96582145
154,-0.03405,-0.980241653,3.880702347,-1.331328875,1.038704694,7.812382292,367.105045,284.172785,0,829.487517,219.665757,0,2.493813301,48.55213979,33.18801212,97.5061867,51.44786021,66.81198788
155,-0.137776389,-1.076504153,3.858342347,-1.323124431,1.141847458,7.753028958,367.776981,287.051687,0,829.736782,218.901697,0,9.430920091,48.52721036,33.22899807,90.56907991,51.47278964,66.77100193
156,-0.262626389,-1.155779153,3.842193458,-1.300404431,1.229170792,7.678837292,368.21554,290.023758,0,830.25107,218.76774,0,16.80238071,48.46135893,33.34938984,83.19761929,51.53864107,66.65061016
157,-0.379594458,-1.248266653,3.848404569,-1.286519986,1.331364403,7.546528819,369.292463,291.560369,0,830.214655,217.84796,0,22.78321634,48.38934816,33.77294485,77.21678366,51.61065184,66.22705515
158,-0.485527792,-1.356483319,3.904304583,-1.260644431,1.448111903,7.365995778,369.013895,293.501703,0,830.28554,217.106276,0,27.80526374,48.36645619,34.6424182,72.19473626,51.63354381,65.3575818
159,-0.555834736,-1.466587486,4.006166806,-1.220884431,1.546192458,7.145893833,368.874002,294.876097,0,829.996522,215.576656,0,31.28433275,48.67887842,35.92310816,68.71566725,51.32112158,64.07689184
160,-0.595559736,-1.562220819,4.160202361,-1.151777764,1.684770778,6.922082306,368.513121,296.638152,0,828.98037,213.44702,0,34.08384105,48.11286918,37.53921223,65.91615895,51.88713082,62.46078777
161,-0.602180569,-1.690885389,4.452124597,-1.082039986,1.843914389,6.748968431,367.162745,297.152364,0,827.436402,210.535655,0,35.7542584,47.83539366,39.74723347,64.2457416,52.16460634,60.25276653
162,-0.577904181,-1.829302056,4.823549056,-1.045751097,1.948639111,6.603058153,366.177153,297.251367,0,826.577236,209.334021,0,35.59278798,48.42060728,42.21330941,64.40721202,51.57939272,57.78669059
163,-0.531558347,-1.967404139,5.227271292,-0.998733319,2.010651333,6.376773583,364.750626,298.029861,0,825.627505,208.412752,0,34.7357539,49.45642796,45.04697584,65.2642461,50.54357204,54.95302416
164,-0.473547236,-2.130672889,5.747762417,-0.947613319,2.067917708,6.133177611,363.189508,297.196182,0,825.037168,208.78288,0,33.32116377,50.74733627,48.37801052,66.67883623,49.25266373,51.62198948
165,-0.404816681,-2.262483306,6.234713542,-0.886711097,2.111895764,5.926677472,362.735909,296.518226,0,823.955649,209.090655,0,31.34401656,51.72124477,51.26645081,68.65598344,48.27875523,48.73354919
166,-0.335770847,-2.381081222,6.824769125,-0.867146653,2.136574097,5.842593597,361.384567,295.171235,0,822.9809,210.475638,0,27.91304036,52.7061286,53.87679563,72.08695964,47.2938714,46.12320437
167,-0.248754167,-2.555674972,7.506749139,-0.855471097,2.196055208,5.921731361,360.115142,294.04696,0,823.256079,213.310979,0,22.52748373,53.78409285,55.9017019,77.47251627,46.21590715,44.0982981
168,-0.150702778,-2.699754125,8.144009167,-0.858942208,2.226112153,6.031782333,358.881709,292.451229,0,822.595255,216.655703,0,14.92631369,54.8077023,57.45011957,85.07368631,45.1922977,42.54988043
169,-0.040040278,-2.828104125,8.666984736,-0.922999986,2.210292708,6.103500944,357.418076,291.207532,0,822.91027,221.233263,0,4.157695091,56.13103173,58.67772342,95.84230491,43.86896827,41.32227658
170,0.090169444,-3.026291625,9.084371417,-1.016719986,2.245411875,6.093608722,355.433684,290.920542,0,823.831158,225.386667,0,8.146201595,57.40633222,59.85230797,91.85379841,42.59366778,40.14769203
171,0.248123611,-3.246814542,9.476913653,-1.078253319,2.282112986,5.993449972,353.055038,291.60516,0,824.309533,229.604971,0,18.70687023,58.72412914,61.25850615,81.29312977,41.27587086,38.74149385
172,0.421841681,-3.445945792,9.793680333,-1.129057764,2.298248819,5.89452775,351.259778,292.448661,0,824.806329,234.732414,0,27.19980861,59.99005996,62.42701704,72.80019139,40.00994004,37.57298296
173,0.584840292,-3.586879125,10.12162701,-1.133791097,2.314384653,5.803024708,348.926327,293.242231,0,824.537441,238.576743,0,34.02941989,60.78154206,63.55948746,65.97058011,39.21845794,36.44051254
174,0.755090292,-3.675277042,10.3054759,-1.141364431,2.294452153,5.746144431,347.154112,293.459283,0,824.918103,243.295373,0,39.81588818,61.56522217,64.20209106,60.18411182,38.43477783,35.79790894
175,0.929438917,-3.724037458,10.42969814,-1.137893319,2.283378542,5.621255125,344.864303,293.230403,0,824.548735,248.252838,0,44.95837197,61.9906705,64.97868362,55.04162803,38.0093295,35.02131638
176,1.135630583,-3.683770792,10.54025592,-1.124955542,2.281796597,5.555719153,342.092483,292.47691,0,824.474378,253.172322,0,50.23611225,61.75055198,65.48379872,49.76388775,38.24944802,34.51620128
177,1.371143083,-3.518929125,10.60360925,-1.103497764,2.259332986,5.566847903,339.150853,290.5401,0,824.03547,256.275541,0,55.40776088,60.89943754,65.5739609,44.59223912,39.10056246,34.4260391
178,1.604133375,-3.148979125,10.60236703,-1.087088875,2.205230486,5.606416792,336.046878,287.316994,0,822.433883,259.236412,0,59.60612785,58.81314617,65.41124335,40.39387215,41.18685383,34.58875665
179,1.795822264,-2.696293708,10.50547369,-1.054271097,2.081206042,5.711521653,333.278443,283.049527,0,821.423502,262.742262,0,63.00924343,56.43733855,64.78064197,36.99075657,43.56266145,35.21935803
180,1.908376431,-2.116831222,10.55267814,-0.991475542,1.929023,5.757273181,331.709608,275.898519,0,820.41833,266.491439,0,65.80944299,52.32099591,64.70085614,34.19055701,47.67900409,35.29914386
181,1.810640319,-1.548379153,10.91043815,-0.910062208,1.773043278,5.760982764,332.337028,265.21079,0,820.256037,269.767768,0,66.55047,46.61795316,65.4439607,33.44953,53.38204684,34.5560393
182,1.473293097,-1.034664569,11.13776482,-0.836222208,1.613266889,5.732542625,334.518582,254.249322,0,820.073941,273.750049,0,63.79230714,39.07444682,66.01992795,36.20769286,60.92555318,33.98007205
183,1.070998639,-0.535420833,11.07316926,-0.782262208,1.435456347,5.739961792,336.940688,244.134723,0,820.545983,276.920677,0,57.78995658,27.16662604,65.86024475,42.21004342,72.83337396,34.13975525
184,0.791977792,-0.14816875,10.59491369,-0.726408875,1.254165514,5.732542625,337.720018,237.61698,0,821.972838,280.327955,0,52.159164,10.56586534,64.89016713,47.840836,89.43413466,35.10983287
185,0.710320847,0.126147917,9.688091444,-0.671186667,1.086795806,5.600234153,336.403928,235.154935,0,822.993088,283.759697,0,51.41635786,10.40014589,63.36921191,48.58364214,89.59985411,36.63078809
186,0.770223625,0.414935417,8.715431403,-0.591982222,0.949483028,5.362820833,333.525224,235.014738,0,824.582533,287.556107,0,56.54238136,30.41115564,61.90705534,43.45761864,69.58884436,38.09294466
187,0.884354194,0.699004153,7.970098042,-0.452191111,0.76945775,5.042560139,329.990692,236.916755,0,824.661097,291.08737,0,66.16716925,47.60110912,61.24880813,33.83283075,52.39889088,38.75119187
188,0.968218083,0.885237486,7.506749139,-0.287786667,0.529951375,4.728482097,328.026415,239.735456,0,824.713271,295.337392,0,77.08713549,62.55260414,61.35355347,22.91286451,37.44739586,38.64644653
189,1.028436139,0.932739569,7.212342472,-0.145786667,0.191098889,4.531874181,325.647486,242.614964,0,823.810477,299.020563,0,87.58441192,82.99587566,61.41186497,12.41558808,17.00412434,38.58813503
190,1.06374725,0.915122903,7.037189125,-0.035026667,-0.161991111,4.440371125,323.9142,246.269436,0,822.748768,303.845627,0,96.81220439,84.96063471,61.3125871,3.187795609,15.03936529,38.6874129
191,1.175355583,0.941862486,6.907998014,0.046702222,-0.507487764,4.373598625,322.691083,249.551842,0,822.023464,307.878301,0,96.178395,64.9851536,61.23244994,3.821605002,35.0148464,38.76755006
192,1.120181972,0.812568736,6.763900236,0.135373333,-0.762180806,4.301880028,321.16069,252.603711,0,821.291933,311.467333,0,89.21805095,51.59987126,61.12447631,10.78194905,48.40012874,38.87552369
193,1.02118475,0.823893736,6.573840222,0.217417778,-0.981438306,4.230161417,320.502887,253.779337,0,821.219408,315.264865,0,82.44652559,45.63668716,60.84634603,17.55347441,54.36331284,39.15365397
194,1.000376417,0.949727069,6.417320222,0.247395556,-1.180763292,4.230161417,319.304147,255.581991,0,821.350333,317.477848,0,80.1730155,44.57786277,60.27077989,19.8269845,55.42213723,39.72922011
195,0.903586139,0.932110403,6.346513556,0.281475556,-1.337692181,4.209140444,319.416036,256.202393,0,821.646336,319.665875,0,76.24802516,41.06570367,60.12430452,23.75197484,58.93429633,39.87569548
196,0.790086125,0.895304153,6.361420222,0.301355556,-1.433558014,4.194302111,320.200599,256.733976,0,821.688334,322.477208,0,72.38922052,38.44384462,60.26513413,27.61077948,61.55615538,39.73486587
197,0.681945847,0.881462486,6.509244667,0.293151111,-1.497468569,4.212850028,321.323308,255.655673,0,821.914035,323.441116,0,69.93620905,37.05288071,60.7087034,30.06379095,62.94711929,39.2912966
198,0.583263903,0.830185403,6.598684667,0.266644444,-1.510124125,4.296933917,324.011543,254.957276,0,823.981553,322.832419,0,68.62668248,35.47331637,60.56273553,31.37331752,64.52668363,39.43726447
199,0.530297236,0.795895819,6.695578,0.236035556,-1.509491347,4.205430861,325.490492,252.465591,0,821.045428,326.071121,0,69.19934027,34.52330398,61.42163616,30.80065973,65.47669602,38.57836384
200,0.514848625,0.819804153,6.792471347,0.200693333,-1.494304681,4.214086556,327.08308,249.547882,0,824.497678,326.548816,0,71.95226206,35.42634387,61.71294793,28.04773794,64.57365613,38.28705207
201,0.570652792,0.810681236,6.910482458,0.166297778,-1.456654403,4.096616417,328.311202,246.718537,0,823.870532,327.472459,0,77.43433757,35.75479617,62.78205126,22.56566243,64.24520383,37.21794874
202,0.673118069,0.785829153,7.090604681,0.132848889,-1.443049681,4.039736139,328.235752,245.28303,0,825.568844,328.009923,0,83.51683186,35.25670131,63.70518923,16.48316814,64.74329869,36.29481077
203,0.825397236,0.731720819,7.35644025,0.069422222,-1.451275792,3.969254056,329.309227,244.979047,0,824.981715,331.303624,0,92.24176211,33.51910011,64.95354767,7.758237885,66.48089989,35.04645233
204,0.978937528,0.672579153,7.601158042,0.047333333,-1.476586903,3.980382806,327.751464,245.565716,0,826.542377,330.933826,0,95.38783228,31.29488999,65.63166458,4.612167716,68.70511001,34.36833542
205,1.123650028,0.651816653,7.783764708,0.0142,-1.489875236,3.946996556,327.007672,245.249526,0,827.070322,332.298577,0,98.75203237,30.43466038,66.35344913,1.247967628,69.56533962,33.64655087
206,1.195533361,0.641749986,7.798671375,0.005364444,-1.504112736,3.902481556,327.474563,245.973347,0,827.175588,333.791714,0,99.55329717,29.90638588,66.64874326,0.446702827,70.09361412,33.35125674
207,1.176931972,0.685791653,7.818546931,0.000946667,-1.513920792,3.833236014,327.029926,246.160812,0,828.091665,335.570469,0,99.91962952,31.17642283,67.10172141,0.080370476,68.82357717,32.89827859
208,1.109462528,0.709070819,7.747740264,-0.009151111,-1.491140792,3.739259903,327.106807,246.24524,0,828.333596,337.077648,0,99.18192387,32.22739194,67.44789894,0.818076125,67.77260806,32.55210106
209,1.019608361,0.702149986,7.721653597,0.000631111,-1.409196069,3.541415458,327.651385,246.061525,0,829.299308,338.845401,0,99.93814088,33.25603514,68.5572783,0.061859115,66.74396486,31.4427217
210,0.947725028,0.652131236,7.750224708,-0.002524444,-1.325036625,3.322550056,328.16866,245.96129,0,828.276987,340.381806,0,99.73433877,32.98309916,69.993519,0.265661231,67.01690084,30.006481
211,0.863861139,0.574743736,7.823515819,0.052382222,-1.164311069,3.151909222,328.595739,245.352134,0,829.878129,340.57446,0,94.28293569,33.04920203,71.28212156,5.717064313,66.95079797,28.71787844
212,0.770538903,0.547374986,7.881900264,0.025875556,-1.023518028,2.931807278,329.868479,244.392672,0,830.507905,340.239037,0,96.75099375,34.8448291,72.88804726,3.249006254,65.1551709,27.11195274
213,0.677216681,0.556812486,7.914198042,0.011991111,-0.838430528,2.738908958,330.405922,242.322846,0,830.763632,338.889756,0,98.26016025,39.90792146,74.29004554,1.739839749,60.09207854,25.70995446
214,0.620781958,0.559014569,7.905502486,0.004417778,-0.713456917,2.517570486,331.188113,240.430338,0,830.036763,340.878423,0,99.29338138,43.93140244,75.84617806,0.706618625,56.06859756,24.15382194
215,0.584840292,0.558699986,7.835938042,-0.014831111,-0.600506097,2.405046458,331.584107,238.694717,0,831.404825,340.904031,0,97.52679367,48.19677831,76.51547604,2.473206333,51.80322169,23.48452396
216,0.568445847,0.540768736,7.778795819,-0.020195556,-0.529002208,2.343220069,332.411223,236.384162,0,832.413757,340.532849,0,96.56912418,50.54995548,76.85026288,3.43087582,49.45004452,23.14973712
217,0.565608347,0.491064583,7.807366931,-0.017671111,-0.479012764,2.316016458,332.496783,235.115745,0,832.013204,340.033781,0,96.97038686,50.62117827,77.12211057,3.02961314,49.37882173,22.87788943
218,0.564347236,0.447022917,7.916682486,-0.019248889,-0.451170542,2.2949955,332.590627,233.210414,0,833.209909,340.151478,0,96.70167637,49.76911294,77.52577487,3.298323629,50.23088706,22.47422513
219,0.557726403,0.413991667,8.114195833,-0.017986667,-0.419215264,2.259136194,333.45868,231.923607,0,832.632278,340.756905,0,96.87575849,49.68653662,78.22169204,3.124241505,50.31346338,21.77830796
220,0.552366681,0.354220833,8.424751403,-0.024928889,-0.368909431,2.198546333,333.288001,230.770229,0,832.25882,341.336333,0,95.68178067,48.98437405,79.30448352,4.318219333,51.01562595,20.69551648
221,0.549529181,0.292247917,8.755182514,-0.027137778,-0.310377486,2.135483417,334.480377,228.804242,0,833.658429,340.560042,0,95.29402936,48.4957845,80.39161765,4.705970645,51.5042155,19.60838235
222,0.522100014,0.215489583,9.206109208,-0.050173333,-0.228749153,2.015540222,335.854496,226.396468,0,832.429187,341.696534,0,91.23262798,48.50760769,82.03882384,8.767372022,51.49239231,17.96117616
223,0.490572236,0.0906,9.715420333,-0.064057778,-0.153132222,1.928983278,337.00934,224.369669,0,834.439534,342.273329,0,88.45035859,37.17194189,83.43424582,11.54964141,62.82805811,16.56575418
224,0.493725014,-0.045929167,10.18994924,-0.071946667,-0.090170833,1.867156889,338.049659,222.79936,0,833.463849,340.114848,0,87.281197,33.74663238,84.51405445,12.718803,66.25336762,15.48594555
225,0.523991681,-0.133383333,10.52534925,-0.070368889,-0.039548611,1.799147861,338.89622,221.016622,0,835.855908,340.56802,0,88.16057247,77.13053465,85.40185579,11.83942753,22.86946535,14.59814421
226,0.545115292,-0.157291667,10.76634036,-0.060271111,0.026576667,1.729902319,339.141181,219.944411,0,834.362021,340.074057,0,90.04419147,85.5458163,86.15662032,9.955808527,14.4541837,13.84337968
227,0.604702792,-0.22555625,10.90298482,-0.055537778,0.064543333,1.705171764,338.604715,220.33718,0,836.53188,339.01987,0,91.58825126,77.75131815,86.47564572,8.411748739,22.24868185,13.52435428
228,0.686044458,-0.262677083,10.94397815,-0.037235556,0.0768825,1.663129819,337.557507,220.957857,0,835.432748,342.212318,0,94.85184785,77.35817106,86.80799892,5.148152146,22.64182894,13.19200108
229,0.768962514,-0.279664583,10.94025149,-0.023035556,0.083210278,1.608722597,337.021721,220.96256,0,833.418873,343.297493,0,97.09146317,77.06915339,87.1804453,2.908536832,22.93084661,12.8195547
230,0.813101403,-0.297595833,11.02099593,-0.015777778,0.111685278,1.545659681,336.813091,220.872694,0,833.515507,343.81489,0,98.09649245,72.71184163,87.70031002,1.903507549,27.28815837,12.29968998
231,0.838638903,-0.345097917,11.1812426,-0.022404444,0.141109444,1.470231486,337.153289,220.126257,0,834.086514,344.041928,0,97.39798879,70.97751788,88.37897089,2.602011213,29.02248212,11.62102911
232,0.853456972,-0.361770833,11.39738928,-0.010728889,0.132250556,1.481360236,337.469648,219.15808,0,833.206764,344.15635,0,98.75849752,73.22979156,88.4976392,1.241502479,26.77020844,11.5023608
233,0.834540292,-0.383477083,11.67564707,0.000315556,0.105990278,1.519692597,337.817947,218.454614,0,831.916148,346.757378,0,99.96220239,78.34579255,88.48311119,0.03779761,21.65420745,11.51688881
234,0.799859736,-0.42940625,11.83589374,0.002524444,0.084159444,1.566680653,337.861654,218.698744,0,831.833142,347.818086,0,99.68538208,83.61272076,88.31059909,0.314617923,16.38727924,11.68940091
235,0.815623625,-0.469672917,11.82719818,0.010097778,0.077831667,1.564207597,337.841003,219.42033,0,831.452667,347.482373,0,98.77709628,85.78428948,88.31931745,1.222903723,14.21571052,11.68068255
236,0.836116681,-0.485716667,11.69800707,0.028715556,0.074667778,1.494962042,337.231671,219.949011,0,830.493154,350.191003,0,96.67963862,86.67561555,88.66849434,3.320361378,13.32438445,11.33150566
237,0.851565292,-0.453,11.43962483,0.04828,0.071820278,1.415824264,336.7857,220.067927,0,831.162859,351.397037,0,94.63463326,86.31526242,88.98658263,5.365366741,13.68473758,11.01341737
238,0.86228475,-0.422170833,11.19863371,0.064373333,0.073402222,1.319375097,336.357548,220.203033,0,829.06856,353.850539,0,93.05317306,85.18841543,89.46018398,6.946826936,14.81158457,10.53981602
239,0.854718083,-0.397947917,10.96012704,0.081413333,0.07973,1.243946917,336.095523,219.885069,0,831.36928,353.736582,0,91.30321535,83.30883693,89.80711752,8.696784648,16.69116307,10.19288248
240,0.819722236,-0.36523125,10.73155814,0.091511111,0.087323333,1.162336083,336.083738,218.911434,0,828.873109,355.724171,0,89.95744489,80.70435334,90.22745569,10.04255511,19.29564666,9.772544312
241,0.763602792,-0.35013125,10.59739814,0.09088,0.096498611,1.116584556,336.319866,217.599766,0,830.872011,352.279725,0,89.36432648,78.39405299,90.46793405,10.63567352,21.60594701,9.532065948
242,0.696448625,-0.3322,10.54398258,0.084884444,0.121493333,1.044865944,337.577737,214.973688,0,831.434211,352.869087,0,89.13594627,73.22126547,90.98386745,10.86405373,26.77873453,9.016132551
243,0.606279181,-0.297910417,10.51665369,0.085831111,0.141425833,0.975620389,339.300858,211.202854,0,832.599529,354.00855,0,87.59863679,67.80920461,91.51064113,12.40136321,32.19079539,8.489358867
244,0.538809736,-0.287529167,10.54149814,0.087408889,0.157878056,0.971910806,340.697477,207.150803,0,832.329469,350.645095,0,86.04179349,64.55422192,91.5584445,13.95820651,35.44577808,8.441555496
245,0.497193069,-0.264879167,10.55392036,0.081097778,0.156928889,1.009006639,341.971037,203.392508,0,831.235208,350.862715,0,85.97629927,62.79613753,91.27377835,14.02370073,37.20386247,8.726221647
246,0.491833347,-0.208254167,10.58249147,0.086146667,0.155663333,1.063413861,343.046048,199.313627,0,830.196392,354.54262,0,85.09521703,57.22565325,90.86877464,14.90478297,42.77434675,9.131225359
247,0.558356958,-0.134327083,10.63839147,0.082991111,0.154081389,1.130186361,343.312408,196.317951,0,828.864787,352.449715,0,87.05989539,46.57529035,90.39657657,12.94010461,53.42470965,9.603423431
